img/Layered_Stripe_Dress/img_00000006.jpg,65,38,138,227,Full
img/Hooded_Stripe_Pattern_Dress/img_00000040.jpg,62,46,150,199,Full
img/Abstract_Stripe_Bodycon_Dress/img_00000053.jpg,74,56,144,240,Full
img/Striped_Floral_Fit_&_Flare_Dress/img_00000034.jpg,33,45,165,262,Full
img/Sophisticated_Jersey_Knit_Dress/img_00000017.jpg,31,50,176,278,Full
img/Lace_Love_Maxi_Dress/img_00000067.jpg,55,28,144,300,Full
img/Embroidered_Illusion_Neckline_Dress/img_00000034.jpg,1,69,225,300,Full
img/Embroidered_Floral_Dress/img_00000054.jpg,111,36,203,194,Full
img/Miami_Heat_Logo_Dress/img_00000042.jpg,1,1,166,277,Full
img/Backless_Surplice_Cami_Dress/img_00000005.jpg,30,46,121,298,Full
img/Faded_Baroque_Print_Dress/img_00000023.jpg,6,62,239,300,Full
img/Layered_Stripe_Dress/img_00000038.jpg,98,76,124,198,Full
img/Chevron_Print_Dress/img_00000007.jpg,15,56,176,299,Full
img/Abstract_Print_Surplice_Romper/img_00000024.jpg,51,45,130,217,Full
img/Tie-Dye_Cami_Romper/img_00000025.jpg,34,82,173,292,Full
img/Fit_&_Flare_Crisscross_Cami_Dress/img_00000010.jpg,57,60,204,298,Full
img/Faux-Wrap_Surplice_Dress/img_00000064.jpg,42,43,148,294,Full
img/Tropical_Tank_Dress/img_00000028.jpg,49,43,149,264,Full
img/Strapless_Drawstring_Romper/img_00000022.jpg,46,75,156,228,Full
img/Denim_Cutout_Dress/img_00000020.jpg,65,68,265,298,Full
img/Medallion_Print_Cami_Dress/img_00000027.jpg,14,52,202,300,Full
img/V-Cut_Back_Dress/img_00000068.jpg,41,47,210,209,Full
img/Chiffon_Shift_Dress/img_00000063.jpg,50,29,142,208,Full
img/Striped_Maxi_Tank_Dress/img_00000054.jpg,70,1,231,300,Full
img/Crisscross_Back_Crepe_Jumpsuit/img_00000053.jpg,63,1,154,300,Full
img/Delicate_Details_Lace_Romper/img_00000027.jpg,8,71,129,255,Full
img/Crochet_Halter_Maxi_Dress/img_00000045.jpg,90,18,179,297,Full
img/Tulip_Hem_Tie-Dye_Dress/img_00000047.jpg,33,50,141,270,Full
img/Embroidered_Fit_&_Flare_Dress/img_00000046.jpg,23,47,174,275,Full
img/Zippered_Knit_Dress/img_00000006.jpg,113,36,186,199,Full
img/Paint_It_Red_Lace_Midi_Dress/img_00000012.jpg,39,38,173,271,Full
img/Faux_Fur_Collar_Coat/img_00000059.jpg,36,43,211,293,Full
img/Checked_Fit_&_Flare_Dress/img_00000067.jpg,48,2,215,296,Full
img/Striped_Turtleneck_Dress/img_00000075.jpg,61,66,153,245,Full
img/Textured_Cutout_Jumpsuit/img_00000062.jpg,39,49,254,279,Full
img/Floral-Embroidered_Mesh_Kimono/img_00000027.jpg,3,51,179,299,Full
img/Metallic_Knit_Bodycon_Dress/img_00000013.jpg,47,40,163,271,Full
img/Retro_Knit_Skater_Dress/img_00000007.jpg,35,43,216,300,Full
img/Bandana_Print_Flounce_Romper/img_00000033.jpg,46,38,255,284,Full
img/Globetrotter_Skater_Dress/img_00000047.jpg,1,38,167,239,Full
img/Crinkled_Satin_Halter_Dress/img_00000035.jpg,78,35,200,209,Full
img/Draw_The_Line_Maxi_Dress/img_00000036.jpg,30,22,92,180,Full
img/Belted_Puff-Sleeve_Romper/img_00000010.jpg,99,39,209,174,Full
img/Cutout-Back_Denim_Jumpsuit/img_00000056.jpg,27,4,200,280,Full
img/Mandala_Print_Knit_Jumpsuit/img_00000008.jpg,70,61,214,262,Full
img/Floral_Lace_Maxi_Dress/img_00000003.jpg,84,23,126,300,Full
img/Crochet_Halter_Maxi_Dress/img_00000005.jpg,30,22,167,300,Full
img/Plaid_Flannel_Shirt_Dress/img_00000008.jpg,13,17,167,223,Full
img/V-Neck_Velveteen_Bodycon_Dress/img_00000014.jpg,47,53,169,293,Full
img/Floral-Embroidered_Lace-Up_Dress/img_00000015.jpg,82,51,182,190,Full
img/Textured_Cutout_Jumpsuit/img_00000054.jpg,35,1,94,231,Full
img/Belted_Tribal_Print_Maxi_Dress/img_00000018.jpg,43,27,152,300,Full
img/Paint_It_Red_Morning_Petal_Dress/img_00000028.jpg,33,41,175,237,Full
img/Floral_Print_Robe_Kimono/img_00000039.jpg,202,66,288,199,Full
img/Surplice_Floral_Wrap_Dress/img_00000020.jpg,43,47,186,297,Full
img/Ditsy_Floral_&_Lace_Dress/img_00000037.jpg,42,28,131,215,Full
img/Abstract_Print_Fit_&_Flare_Dress/img_00000027.jpg,32,8,211,286,Full
img/Surplice_Woven_Dress/img_00000010.jpg,43,46,85,196,Full
img/Lace-Paneled_Sheath_Dress/img_00000072.jpg,67,19,168,208,Full
img/Striped_Polo_Dress/img_00000055.jpg,70,1,158,169,Full
img/Tile_Print_Strapless_Jumpsuit/img_00000004.jpg,63,53,137,287,Full
img/Crochet-Back_Maxi_Dress/img_00000008.jpg,1,59,200,300,Full
img/Classic_Shift_Dress/img_00000044.jpg,234,170,277,244,Full
img/Mosaic_Print_Cami_Dress/img_00000020.jpg,96,37,180,190,Full
img/V-Neck_Shift_Dress/img_00000084.jpg,53,47,148,244,Full
img/Striped_Trapeze_Dress/img_00000026.jpg,104,30,204,280,Full
img/Scalloped_Halter_Dress/img_00000064.jpg,1,42,254,300,Full
img/Rhinestone-Embellished_Maxi_Dress/img_00000028.jpg,47,25,165,300,Full
img/Floral_Embroidered_Fit_&_Flare_Dress/img_00000068.jpg,84,32,198,300,Full
img/Striped_Geo_Print_Dress/img_00000002.jpg,97,1,203,188,Full
img/Belted_Lace_Print_Dress/img_00000046.jpg,44,68,136,300,Full
img/Crochet_Sheath_Dress/img_00000030.jpg,181,34,277,219,Full
img/Pintucked_Chiffon_Dress/img_00000002.jpg,1,80,205,300,Full
img/Geo-Stripe_Maxi_Dress/img_00000013.jpg,90,27,175,300,Full
img/Crocheted_Racerback_Romper/img_00000005.jpg,44,61,186,277,Full
img/Denim_Culotte_Jumpsuit/img_00000022.jpg,40,67,112,221,Full
img/Layered_Sleeveless_Dress/img_00000037.jpg,20,60,198,300,Full
img/Floral_Print_Shift_Dress/img_00000068.jpg,44,55,205,300,Full
img/Cloud_Print_Surplice-Back_Maxi_Dress/img_00000036.jpg,100,29,214,300,Full
img/Painted_Floral_Maxi_Dress/img_00000060.jpg,183,1,261,232,Full
img/Deep_V-Neck_Pleated_Dress/img_00000033.jpg,1,68,225,300,Full
img/Caged_Side_Longline_Dress/img_00000002.jpg,72,37,138,282,Full
img/Open-Knit_High-Slit_Maxi_Dress/img_00000035.jpg,31,20,131,300,Full
img/Embellished_Cutout-Back_Dress/img_00000009.jpg,49,49,188,281,Full
img/Floral-Embroidered_A-Line_Dress/img_00000029.jpg,56,35,147,200,Full
img/Boxy_Shirt_Dress/img_00000044.jpg,61,1,171,189,Full
img/Crochet-Paneled_Bell_Sleeve_Dress/img_00000042.jpg,48,50,156,298,Full
img/Denim_Cami_Dress/img_00000024.jpg,1,1,221,300,Full
img/Ornate_Print_Harem_Jumpsuit/img_00000002.jpg,52,40,168,174,Full
img/Tribal_Print_Strapless_Jumpsuit/img_00000022.jpg,125,56,196,291,Full
img/Floral_Print_Strappy_Dress/img_00000056.jpg,48,47,187,300,Full
img/Draped_Shawl_Collar_Coat/img_00000039.jpg,69,40,182,250,Full
img/Abstract_Print_Trapeze_Dress/img_00000053.jpg,37,36,138,204,Full
img/High-Slit_Midi_Dress/img_00000024.jpg,77,29,159,225,Full
img/Backless_Bodycon_Dress/img_00000011.jpg,155,1,300,300,Full
img/Floral_Paisley_Shift_Dress/img_00000075.jpg,12,42,156,300,Full
img/Floral_Eyelet_Fit_&_Flare_Dress/img_00000052.jpg,43,49,157,270,Full
img/Matelass&eacute;_Skater_Dress/img_00000018.jpg,128,26,188,124,Full
img/Rose_Print_Maxi_Dress/img_00000036.jpg,20,33,207,300,Full
img/Mixed_Floral_Ruffle-Sleeve_Maxi_Dress/img_00000003.jpg,51,41,196,185,Full
img/Striped_Lace_Dress/img_00000044.jpg,31,72,101,167,Full
img/Scoop_Back_Skater_Dress/img_00000043.jpg,49,42,147,172,Full
img/Floral_Print_Crisscross_PJ_Romper/img_00000030.jpg,69,65,225,276,Full
img/Striped_Bow-Front_Romper/img_00000031.jpg,50,17,160,172,Full
img/Leaf_Print_Halter_Dress/img_00000049.jpg,24,54,155,274,Full
img/Faux_Leather_Sheath_Dress/img_00000018.jpg,67,62,134,228,Full
img/Ditsy_Floral_Print_Romper/img_00000007.jpg,42,28,160,191,Full
img/Strapless_Drawstring_Romper/img_00000016.jpg,63,73,143,179,Full
img/Textured_Floral_Bodycon_Dress/img_00000040.jpg,61,36,140,234,Full
img/Paneled_A-Line_Dress/img_00000012.jpg,42,63,230,296,Full
img/Striped_Drop-Waist_Dress/img_00000014.jpg,29,86,154,269,Full
img/Tribal-Inspired_Crochet_Dress/img_00000016.jpg,20,49,145,243,Full
img/Fit_&_Flare_Cami_Dress/img_00000058.jpg,22,50,178,284,Full
img/Geo_Pattern_Bodycon_Dress/img_00000017.jpg,63,36,177,226,Full
img/Crochet_Lace_Cami_Dress/img_00000025.jpg,35,33,193,300,Full
img/Ikat_Print_Babydoll_Dress/img_00000029.jpg,38,82,156,299,Full
img/Abstract_Mosaic_Racerback_Dress/img_00000031.jpg,50,37,172,250,Full
img/Lace-Trimmed_Cutout_Halter_Romper/img_00000020.jpg,51,56,166,243,Full
img/Eyelash_Lace_Dress/img_00000066.jpg,15,9,194,300,Full
img/Baroque_Print_Bodycon_Dress/img_00000048.jpg,73,72,128,174,Full
img/High-Low_Racerback_Dress/img_00000080.jpg,54,15,169,300,Full
img/Denim_Utility_Jumpsuit/img_00000041.jpg,60,27,125,234,Full
img/Stripe_Racerback_Maxi_Dress/img_00000024.jpg,54,33,138,300,Full
img/Velveteen_Floral_Dress/img_00000013.jpg,37,44,161,241,Full
img/Twist-Back_Colorblocked_Dress/img_00000037.jpg,110,29,194,202,Full
img/Lace-Cutout_Sheath_Dress/img_00000051.jpg,73,17,133,228,Full
img/Floral_A-Line_Dress/img_00000053.jpg,1,54,200,297,Full
img/Damask_Mesh_Bodycon_Dress/img_00000042.jpg,48,65,170,300,Full
img/Tropical_Floral_Wide-Leg_Jumpsuit/img_00000006.jpg,39,27,149,300,Full
img/Floral_Print_Shift_Dress/img_00000027.jpg,108,5,300,300,Full
img/Contrast_Chiffon_Shift_Dress/img_00000027.jpg,83,53,214,300,Full
img/Tweed-Paneled_Sheath_Dress/img_00000067.jpg,35,52,195,279,Full
img/Zippered_Fit_&_Flare_Dress/img_00000012.jpg,52,30,188,280,Full
img/Crochet_Sheath_Dress/img_00000010.jpg,77,28,162,188,Full
img/Brushstroke_Print_Belted_Shift_Dress/img_00000014.jpg,41,42,169,287,Full
img/Origami_Crepe_Dress/img_00000066.jpg,78,1,228,207,Full
img/Zigzag_Print_Surplice_Romper/img_00000021.jpg,66,48,161,241,Full
img/Chenille_Embroidered_Maxi_Dress/img_00000047.jpg,59,32,186,221,Full
img/Woven_Shift_Dress/img_00000074.jpg,47,52,169,300,Full
img/Faux_Leather_Sheath_Dress/img_00000022.jpg,102,49,191,300,Full
img/Triangle_Print_Tank_Dress/img_00000012.jpg,32,53,176,276,Full
img/Abstract_Floral_Tie-Waist_Dress/img_00000009.jpg,67,28,163,207,Full
img/Embroidered_Crochet_Midi_Dress/img_00000024.jpg,45,24,143,300,Full
img/Striped_Strapless_Jumpsuit/img_00000021.jpg,74,60,163,168,Full
img/Crepe_Woven_Surplice_Dress/img_00000018.jpg,39,52,173,297,Full
img/Embroidered_Halter_Maxi_Dress/img_00000052.jpg,39,43,163,300,Full
img/Striped_Shift_Drawstring_Dress/img_00000052.jpg,1,1,170,255,Full
img/Daydreamer_Crocheted_Dress/img_00000015.jpg,69,60,227,269,Full
img/Embroidered_Sweetheart_Dress/img_00000009.jpg,1,51,225,300,Full
img/Crisscross_Cutout-Back_Maxi_Dress/img_00000017.jpg,51,28,140,298,Full
img/Utility_Jumpsuit/img_00000035.jpg,91,21,147,286,Full
img/Textured_Dot_Skater_Dress/img_00000026.jpg,39,53,137,189,Full
img/Embroidered_Illusion_Neckline_Dress/img_00000055.jpg,43,52,167,237,Full
img/Abstract_Drop_Waist_Dress/img_00000012.jpg,49,43,173,258,Full
img/Tribal_Print_Pleated_Dress/img_00000013.jpg,24,1,228,300,Full
img/Ditsy_Floral_Jersey_Dress/img_00000045.jpg,20,11,187,287,Full
img/Abstract_Diamond_Fringe_Kimono/img_00000008.jpg,22,50,182,300,Full
img/Colorblock_Trapeze_Dress/img_00000007.jpg,79,1,245,299,Full
img/Abstract_V-Cut_Maxi_Dress/img_00000023.jpg,166,19,262,300,Full
img/Heathered_Knit_Midi_Dress/img_00000008.jpg,80,51,138,244,Full
img/Striped_Turtleneck_Dress/img_00000047.jpg,79,51,223,268,Full
img/Textured_Floral_Skater_Dress/img_00000042.jpg,103,38,206,191,Full
img/Woven_Ruffle_Cami_Jumpsuit/img_00000048.jpg,90,42,152,275,Full
img/Striped_Belted_Dress/img_00000072.jpg,51,49,205,297,Full
img/Faux_Gem-Embellished_Woven_Romper/img_00000002.jpg,67,70,156,300,Full
img/Crisscross-Back_Seamless_Romper/img_00000020.jpg,51,67,169,286,Full
img/Tulip-Hem_Bodycon_Dress/img_00000047.jpg,18,62,184,300,Full
img/Collarless_Boucl&eacute;_Coat/img_00000018.jpg,1,1,221,300,Full
img/Cutout-Side_Shift_Dress/img_00000016.jpg,53,39,133,250,Full
img/Buttoned_Geo_Jumpsuit/img_00000042.jpg,65,31,149,285,Full
img/Glitter_Bodycon_Dress/img_00000083.jpg,7,50,247,270,Full
img/Striped_Drop-Waist_Dress/img_00000022.jpg,57,46,146,224,Full
img/Abstract_Ikat_Maxi_Dress/img_00000012.jpg,40,59,190,297,Full
img/Abstract_Skort_Romper/img_00000009.jpg,44,68,181,287,Full
img/Tribal_Print_A-Line_Dress/img_00000029.jpg,62,29,177,300,Full
img/Floral_Lace_Scoop-Back_Dress/img_00000033.jpg,50,35,168,214,Full
img/Acid_Wash_Denim_Romper/img_00000050.jpg,20,70,183,298,Full
img/M-Slit_Maxi_Dress/img_00000006.jpg,42,31,148,300,Full
img/Surplice_Back_Keyhole_Jumpsuit/img_00000021.jpg,102,23,169,300,Full
img/Tribal_Print_Crisscross_Jumpsuit/img_00000032.jpg,25,1,189,300,Full
img/Cutout-Back_Lace_Dress/img_00000045.jpg,35,60,178,300,Full
img/Sweetheart_High-Low_Dress/img_00000003.jpg,159,60,268,300,Full
img/Floral_Lace_Print_Dress/img_00000051.jpg,36,61,178,274,Full
img/Flutter_Sleeve_Surplice_Dress/img_00000012.jpg,48,34,191,220,Full
img/Embroidered_Lace-Paneled_Maxi_Dress/img_00000039.jpg,21,32,205,300,Full
img/Crisscross_Striped-Waist_Dress/img_00000017.jpg,46,80,140,300,Full
img/Lace_Cami_Jumpsuit/img_00000009.jpg,116,26,205,300,Full
img/Floral_Paisley_Shift_Dress/img_00000049.jpg,75,34,166,275,Full
img/Faux_Leather_&_Tulle_Combo_Dress/img_00000023.jpg,87,20,214,300,Full
img/Longline_Shift_Dress/img_00000022.jpg,50,80,192,227,Full
img/Crochet_Yoke_Maxi_Dress/img_00000035.jpg,60,27,155,298,Full
img/Lace_Insert_Bodycon_Dress/img_00000039.jpg,36,53,167,300,Full
img/Daisy_Cap-Sleeved_Dress/img_00000016.jpg,11,47,191,300,Full
img/Floral_Print_Halter_Dress/img_00000045.jpg,57,58,203,300,Full
img/Belted_Lace_Skater_Dress/img_00000045.jpg,40,52,244,293,Full
img/Textured_Floral_Lace_Romper/img_00000033.jpg,35,68,186,296,Full
img/Floral_Paisley_Shift_Dress/img_00000050.jpg,60,46,259,228,Full
img/Watercolor_Rose_Print_Dress/img_00000013.jpg,1,1,200,300,Full
img/Lace_Print_Bodycon_Dress/img_00000033.jpg,57,20,139,230,Full
img/Sheer-Paneled_Printed_Dress/img_00000031.jpg,76,36,189,210,Full
img/Buttoned_Fit_&_Flare_Dress/img_00000031.jpg,21,55,202,300,Full
img/Mixed_Print_Maxi_Dress/img_00000018.jpg,1,22,143,300,Full
img/V-Cut_Bodycon_Dress/img_00000060.jpg,233,9,288,136,Full
img/Tropical_V-Cut_Maxi_Dress/img_00000024.jpg,146,1,286,300,Full
img/Crochet_Sheath_Dress/img_00000074.jpg,66,35,175,196,Full
img/Faux_Leather_Combo_Dress/img_00000037.jpg,84,41,154,186,Full
img/Floral_Lace_Cami_Dress/img_00000040.jpg,90,31,172,220,Full
img/Knit_Shift_Dress/img_00000068.jpg,17,55,161,273,Full
img/Tie-Dye_Kimono/img_00000014.jpg,66,27,172,218,Full
img/Caged_Cutout_Dress/img_00000005.jpg,11,67,186,283,Full
img/Cutout_Tribal_Print_Dress/img_00000063.jpg,35,1,208,300,Full
img/Off-the-Shoulder_Maxi_Dress/img_00000059.jpg,65,59,161,276,Full
img/Abstract_Floral_Print_Maxi_Dress/img_00000015.jpg,42,21,157,300,Full
img/Triangle_Print_Tank_Dress/img_00000023.jpg,30,89,211,300,Full
img/Peter_Pan_Collar_Lace_Dress/img_00000019.jpg,15,11,182,300,Full
img/Pleated_Floral_Matelass&eacute;_Dress/img_00000005.jpg,1,1,200,300,Full
img/Cutout_Watercolor_Print_Dress/img_00000030.jpg,53,32,155,300,Full
img/Abstract_Drop_Waist_Dress/img_00000028.jpg,47,87,225,300,Full
img/Faded_Baroque_Print_Dress/img_00000020.jpg,105,28,196,207,Full
img/Knotted_Maxi_Dress/img_00000068.jpg,54,32,146,273,Full
img/Bombshell_Surplice_Jumpsuit/img_00000002.jpg,40,25,154,300,Full
img/Abstract_Tile_Print_Dress/img_00000043.jpg,66,31,138,210,Full
img/Eyelash_Lace_Surplice_Dress/img_00000043.jpg,82,43,170,175,Full
img/Flounce_Maxi_Dress/img_00000019.jpg,81,1,170,300,Full
img/Strapless_Sweetheart_Dress/img_00000029.jpg,21,44,206,300,Full
img/Viney_Floral_Flounce_Dress/img_00000005.jpg,19,40,146,231,Full
img/Flowy_Embroidered_Midi_Dress/img_00000045.jpg,46,57,190,300,Full
img/Lace_V-Back_Dress/img_00000040.jpg,2,23,141,291,Full
img/Floral_Crochet_A-Line_Dress/img_00000019.jpg,100,35,236,295,Full
img/Open-Crochet_Maxi_Dress/img_00000063.jpg,54,18,233,300,Full
img/Palm_Print_Bodycon_Dress/img_00000021.jpg,42,54,163,300,Full
img/Striped_Crew_Neck_Dress/img_00000066.jpg,65,1,165,209,Full
img/Abstract_Dotted_Dress/img_00000007.jpg,35,33,160,189,Full
img/Cutout_Halter_Maxi_Dress/img_00000002.jpg,48,21,146,299,Full
img/Paisley_High-Slit_Maxi_Dress/img_00000012.jpg,57,17,199,300,Full
img/Diamond_Cutout_Sheath_Dress/img_00000057.jpg,88,34,174,196,Full
img/Crochet-Paneled_Chambray_Dress/img_00000017.jpg,58,65,214,300,Full
img/Ladder_Cutout_Jumpsuit/img_00000040.jpg,37,41,145,252,Full
img/Fit_&_Flare_Knit_Dress/img_00000059.jpg,64,36,188,199,Full
img/Paisley_Print_Halter_Jumpsuit/img_00000010.jpg,78,25,127,300,Full
img/Tribal_Print_High-Slit_Dress/img_00000037.jpg,61,3,217,180,Full
img/Embroidered-Organza_Yoke_Dress/img_00000005.jpg,58,27,200,214,Full
img/Striped_Box-Pleated_Dress/img_00000026.jpg,36,38,152,207,Full
img/Beaded_Shift_Dress/img_00000024.jpg,82,29,161,238,Full
img/Tropical_Print_Combo_Dress/img_00000010.jpg,64,31,165,188,Full
img/Crisscross-Back_Gaucho_Jumpsuit/img_00000014.jpg,40,24,136,272,Full
img/Embroidered_Drawstring_Romper/img_00000044.jpg,17,68,192,294,Full
img/Rose_Print_Crepe_Dress/img_00000031.jpg,50,51,222,255,Full
img/Square_Neck_Cutout_Dress/img_00000049.jpg,59,55,145,253,Full
img/Box-Pleated_Maxi_Dress/img_00000045.jpg,31,1,188,300,Full
img/Knotted_Maxi_Dress/img_00000079.jpg,111,26,206,300,Full
img/Crochet_Overlay_Skater_Dress/img_00000045.jpg,8,45,181,300,Full
img/Side-Slit_Maxi_Dress/img_00000058.jpg,167,13,295,300,Full
img/Fishnet-Paneled_Dress/img_00000036.jpg,37,60,253,289,Full
img/Sleek_Lace-Trimmed_Slip_Dress/img_00000035.jpg,21,41,151,250,Full
img/Varsity_Stripe_A-Line_Dress/img_00000028.jpg,73,61,144,195,Full
img/Stone_Washed_Denim_Dress/img_00000010.jpg,27,33,112,235,Full
img/Flounced_Knit_Dress/img_00000030.jpg,50,36,142,201,Full
img/Floral_Knit_Skater_Dress/img_00000022.jpg,8,1,202,292,Full
img/Zippered_Knit_Dress/img_00000060.jpg,71,8,228,298,Full
img/Crochet-Embroidered_Midi_Dress/img_00000062.jpg,84,38,172,187,Full
img/Beaded_Shift_Dress/img_00000068.jpg,6,1,265,300,Full
img/Floral_Print_Surplice_Romper/img_00000026.jpg,45,37,139,183,Full
img/Rose_Printed_Chiffon_Kimono/img_00000032.jpg,39,1,269,297,Full
img/Flounce_Cami_Maxi_Dress/img_00000009.jpg,42,26,133,250,Full
img/Open-Shoulder_Eyelash_Lace_Dress/img_00000057.jpg,1,63,207,296,Full
img/Embroidered_Diamond_Print_Dress/img_00000027.jpg,135,43,279,300,Full
img/Floral_Tie-Dye_Dress/img_00000020.jpg,1,32,300,295,Full
img/Flowy_Embroidered_Midi_Dress/img_00000008.jpg,26,56,171,297,Full
img/Embroidered_Gauze_Belted_Dress/img_00000036.jpg,57,43,155,300,Full
img/Knit_Bodycon_Dress/img_00000009.jpg,43,55,146,265,Full
img/Crepe_Halter_Jumpsuit/img_00000022.jpg,34,13,173,250,Full
img/Rose_Print_Crepe_Dress/img_00000056.jpg,15,42,165,249,Full
img/Sleeveless_Combo_Jumpsuit/img_00000001.jpg,118,24,191,266,Full
img/Floral_Print_Babydoll_Dress/img_00000047.jpg,67,43,165,194,Full
img/Lady_in_Lace_Dress/img_00000026.jpg,40,38,194,300,Full
img/Woven_Sheath_Dress/img_00000049.jpg,97,37,168,203,Full
img/Ruched_Knit_Sheath_Dress/img_00000052.jpg,52,29,131,182,Full
img/Floral_Lace_Strapless_Dress/img_00000052.jpg,1,66,214,292,Full
img/Drawstring_Waist_Trench_Coat/img_00000027.jpg,7,57,171,300,Full
img/Tile_Print_Drawstring_Caftan/img_00000028.jpg,40,47,191,276,Full
img/Sequined_Chiffon_Maxi_Dress/img_00000027.jpg,89,48,213,300,Full
img/Open-Mesh_Midi_Dress/img_00000028.jpg,13,34,93,230,Full
img/Abstract_Geo_V-Back_Dress/img_00000048.jpg,42,29,109,152,Full
img/Cutout-Back_Lace_Dress/img_00000022.jpg,40,31,146,233,Full
img/Sporty_Girl_Skater_Dress/img_00000037.jpg,53,1,204,235,Full
img/Floral_Print_Slit_Maxi_Dress/img_00000004.jpg,69,36,185,298,Full
img/Square-Back_Cami_Dress/img_00000002.jpg,70,41,158,225,Full
img/Tiered_Maxi_Cami_Dress/img_00000053.jpg,48,25,173,292,Full
img/Layered_Sleeveless_Dress/img_00000050.jpg,135,40,224,196,Full
img/Curved_Hem_Pleat-Back_Dress/img_00000044.jpg,79,21,195,234,Full
img/Colorblocked_Surplice_Dress/img_00000049.jpg,94,35,185,193,Full
img/Cutout-Neckline_Bodycon_Dress/img_00000030.jpg,43,105,150,288,Full
img/Cutout-Back_Floral_Print_Dress/img_00000005.jpg,1,45,214,170,Full
img/Floral_Mosaic_Print_Jumpsuit/img_00000010.jpg,59,48,187,300,Full
img/Abstract_Tribal_Print_Halter_Jumpsuit/img_00000003.jpg,82,48,160,300,Full
img/Lace-Trimmed_Cami_Dress/img_00000007.jpg,44,1,158,300,Full
img/Eyelash_Lace_Dress/img_00000027.jpg,83,56,178,243,Full
img/Brushstroke_Print_Belted_Shift_Dress/img_00000033.jpg,63,40,155,195,Full
img/Woven_Crossback_Dress/img_00000009.jpg,62,35,153,267,Full