img/Perfomance_Leggings/img_00000039.jpg,35,84,94,176,Lower
img/Fold-Over_Yoga_Shorts/img_00000032.jpg,6,1,173,300,Lower
img/Velvet_Floral_Sweatpants/img_00000040.jpg,101,1,197,265,Lower
img/Zippered_Sweatshorts/img_00000015.jpg,13,12,98,189,Lower
img/Acid_Wash_Jeans/img_00000018.jpg,1,1,218,300,Lower
img/Lace-Trimmed_Capri_Leggings/img_00000055.jpg,22,1,104,241,Lower
img/Beaded_Mini_Skirt/img_00000017.jpg,5,82,300,300,Lower
img/Mineral_Wash_Pencil_Skirt/img_00000009.jpg,38,1,144,167,Lower
img/M-Slit_Pleated_Maxi_Skirt/img_00000053.jpg,64,1,167,288,Lower
img/Mid-Rise_-_Acid_Wash_Jeggings/img_00000037.jpg,87,1,218,300,Lower
img/Faux_Leather_Drawstring_Shorts/img_00000046.jpg,63,1,176,115,Lower
img/Acid_Washed_Denim_Skater_Skirt/img_00000005.jpg,193,80,300,168,Lower
img/Athletic_Marled_Knit_Joggers/img_00000011.jpg,27,1,200,267,Lower
img/Drop-Crotch_Denim_Joggers/img_00000062.jpg,172,54,299,300,Lower
img/Ribbed_Mini_Skirt/img_00000034.jpg,59,19,251,285,Lower
img/Floral_Lace_Elasticized_Shorts/img_00000011.jpg,78,177,246,300,Lower
img/Stretch-Knit_Maxi_Skirt/img_00000053.jpg,1,1,225,199,Lower
img/Ikat_Print_Linen_Joggers/img_00000053.jpg,42,1,172,270,Lower
img/Faux_Leather_Shorts/img_00000060.jpg,76,111,155,162,Lower
img/Pleated_Overall_Skirt/img_00000016.jpg,17,1,190,264,Lower
img/Buttoned_High-Waisted_Skinny_Jeans/img_00000037.jpg,55,1,163,298,Lower
img/Distressed_Low-Rise_Skinny_Jeans/img_00000017.jpg,67,81,134,288,Lower
img/Performance_Capri_Leggings/img_00000038.jpg,71,26,227,244,Lower
img/Dotted_Tulle_Maxi_Skirt/img_00000022.jpg,10,110,182,295,Lower
img/Eyelash_Lace-Trimmed_Shorts/img_00000048.jpg,62,110,154,158,Lower
img/High-Waisted_Skinny_Jeans/img_00000002.jpg,66,1,150,275,Lower
img/Classic_Denim_Shorts/img_00000027.jpg,4,76,199,222,Lower
img/Classic_Cuffed_Shorts/img_00000043.jpg,49,5,173,89,Lower
img/Mom_Fit_Jeans/img_00000019.jpg,37,4,157,259,Lower
img/Zipper-Front_Shorts/img_00000037.jpg,1,1,300,249,Lower
img/Distressed_Whisker_Wash_Jeans/img_00000021.jpg,96,1,218,265,Lower
img/Geo_Print_Capri_Workout_Leggings/img_00000014.jpg,34,75,116,160,Lower
img/Twill_Dolphin_Shorts/img_00000025.jpg,54,6,157,161,Lower
img/Texture-Striped_Drawstring_Shorts/img_00000019.jpg,18,3,154,93,Lower
img/Daisy_Cutoff_Shorts/img_00000065.jpg,18,13,222,148,Lower
img/Buttoned_Distressed_Denim_Cutoffs/img_00000029.jpg,33,195,189,275,Lower
img/Faux_Leather_Shorts/img_00000027.jpg,185,183,300,268,Lower
img/Studio_Stirrup_Leggings/img_00000015.jpg,74,1,183,300,Lower
img/Reason_Desert_Camo_Joggers/img_00000003.jpg,50,100,63,286,Lower
img/Geo_Quilted_Skater_Skirt/img_00000011.jpg,37,157,162,247,Lower
img/Tribal_Pattern_Sequin_Shorts/img_00000048.jpg,1,86,245,300,Lower
img/Beaded_Baroque-Patterned_Skirt/img_00000012.jpg,67,169,191,288,Lower
img/Eyelash_Lace_Skirt/img_00000020.jpg,21,162,155,289,Lower
img/Acid_Wash_Distressed_Jeans/img_00000063.jpg,55,107,117,284,Lower
img/Floral_Lace_Elasticized_Shorts/img_00000007.jpg,24,179,180,259,Lower
img/Heathered_Seamless_Workout_Leggings/img_00000012.jpg,72,114,143,283,Lower
img/Mesh-Pocket_Sweatshorts/img_00000056.jpg,1,1,234,129,Lower
img/Belted_Pleat-Front_Shorts/img_00000020.jpg,11,1,245,236,Lower
img/Flared_Jeans/img_00000009.jpg,102,90,172,300,Lower
img/Distressed_Skinny_Jeans/img_00000017.jpg,20,1,163,300,Lower
img/Lace-Hemmed_Denim_Cutoffs/img_00000001.jpg,54,9,264,150,Lower
img/Distressed_Cloud_Wash_Cutoffs/img_00000017.jpg,19,121,115,182,Lower
img/Dotted_Floral_Shorts/img_00000027.jpg,36,166,181,255,Lower
img/Tropical_Print_Leggings/img_00000035.jpg,1,1,273,300,Lower
img/Stretch_Fit_Skinny_Jeans/img_00000034.jpg,109,1,161,145,Lower
img/Dark_Wash_Jeggings/img_00000002.jpg,98,1,194,260,Lower
img/Sanded_Wash_Denim_Joggers/img_00000002.jpg,39,1,176,285,Lower
img/Striped_Sailor_Shorts/img_00000054.jpg,1,47,300,300,Lower
img/Denim_Dolphin_Hem_Shorts/img_00000057.jpg,1,25,225,188,Lower
img/Colorblocked_Swim_Trunks/img_00000034.jpg,23,6,181,111,Lower
img/Colorblocked_Swim_Trunks/img_00000003.jpg,31,14,204,179,Lower
img/Cuffed_Low-Rise_Denim_Shorts/img_00000030.jpg,26,193,172,265,Lower
img/Button_Cuffed_Denim_Shorts/img_00000011.jpg,1,126,207,267,Lower
img/Drawstring_Chino_Shorts/img_00000016.jpg,56,1,205,140,Lower
img/Painted_Floral_Denim_Shorts/img_00000048.jpg,43,1,300,290,Lower
img/Pleated_Skater_Skirt/img_00000025.jpg,77,125,159,190,Lower
img/Rose_Print_Mini_Skirt/img_00000006.jpg,11,4,196,281,Lower
img/Geo_Tribal_Print_A-Line_Skirt/img_00000042.jpg,72,83,146,152,Lower
img/Ikat_Print_Linen_Joggers/img_00000033.jpg,1,1,161,209,Lower
img/Soft_Knit_Leggings/img_00000010.jpg,68,1,207,280,Lower
img/Perfomance_Leggings/img_00000007.jpg,104,1,222,286,Lower
img/Soft_Floral_Leggings/img_00000039.jpg,47,1,165,300,Lower
img/Floral_Crochet_Shorts/img_00000056.jpg,1,9,200,216,Lower
img/Lace-Up_Denim_Shorts/img_00000054.jpg,1,53,300,221,Lower
img/Faded_Denim_Cutoffs/img_00000046.jpg,77,86,169,133,Lower
img/Heathered_Drawstring_Shorts/img_00000009.jpg,50,121,135,163,Lower
img/Zipper-Front_Shorts/img_00000053.jpg,122,1,300,116,Lower
img/Diamond_Print_Joggers/img_00000026.jpg,1,25,168,300,Lower
img/Textured_Woven_Shorts/img_00000005.jpg,1,33,204,219,Lower
img/Well-Traveled_Denim_Shorts/img_00000029.jpg,1,21,246,253,Lower
img/Mid-Rise_-_Zippered_Skinny_Jeans/img_00000064.jpg,52,1,158,269,Lower
img/Sky_Culture_Paneled_Star_Print_Sweatshorts/img_00000009.jpg,17,1,190,171,Lower
img/Shimmering_High-Waist_Leggings/img_00000052.jpg,95,1,167,288,Lower
img/Floral_Print_Culottes/img_00000048.jpg,28,1,189,188,Lower
img/Heathered_Zip_Pocket_Sweatshorts/img_00000009.jpg,1,190,226,300,Lower
img/Americana_Skinny_Jeans/img_00000038.jpg,24,1,168,285,Lower
img/Floral_Lace_A-Line_Skirt/img_00000010.jpg,95,6,247,119,Lower
img/Pleated_Baroque_Shorts/img_00000019.jpg,41,160,120,207,Lower
img/Drawstring_Cargo_Capris/img_00000061.jpg,1,1,225,291,Lower
img/High-Waisted_Lounge_Shorts/img_00000046.jpg,144,1,294,300,Lower
img/Striped_Pencil_Skirt/img_00000073.jpg,33,94,107,217,Lower
img/Geo_Stripe_Flat_Front_Shorts/img_00000012.jpg,27,165,161,271,Lower
img/Mesh-Paneled_Running_Shorts/img_00000011.jpg,1,16,300,199,Lower
img/Drawstring_Palm_Print_Shorts/img_00000023.jpg,46,15,147,90,Lower
img/Micro-Striped_Trouser_Shorts/img_00000052.jpg,63,1,237,252,Lower
img/Clashist_Oil_Slick_Print_Leggings/img_00000008.jpg,23,1,162,246,Lower
img/By_The_Sea_Matelot_Shorts/img_00000010.jpg,65,175,207,261,Lower
img/Butterfly_Print_PJ_Shorts/img_00000010.jpg,1,1,300,185,Lower
img/Floral_Bow-Front_Shorts/img_00000008.jpg,124,147,300,295,Lower
img/Pleated_Metallic_Skirt/img_00000051.jpg,1,81,104,247,Lower
img/Leopard_Print_Sweatpants/img_00000022.jpg,105,1,207,251,Lower
img/Pop_Art_Floral_Shorts/img_00000019.jpg,1,18,200,250,Lower
img/Lace_Print_Skirt/img_00000044.jpg,69,1,237,201,Lower
img/Embroidered_Drawstring_Shorts/img_00000021.jpg,80,153,244,262,Lower
img/Voyager_Maxi_Skirt/img_00000008.jpg,1,61,300,236,Lower
img/Metallic_Knit_Shorts/img_00000041.jpg,3,91,81,155,Lower
img/Textured_Damask_Mini_Skirt/img_00000023.jpg,17,147,161,271,Lower
img/Heathered_Drawstring_Sweatpants/img_00000010.jpg,1,112,85,283,Lower
img/Mid-Rise_-_Distressed_Boyfriend_Jeans/img_00000027.jpg,42,1,151,259,Lower
img/High-Rise_Denim_Shorts/img_00000029.jpg,9,1,200,213,Lower
img/Striped_Cardio_Shorts/img_00000002.jpg,58,80,132,131,Lower
img/Distressed_Denim_Mini_Skirt/img_00000015.jpg,18,63,300,248,Lower
img/High-Rise_Denim_Cutoffs/img_00000019.jpg,91,165,211,250,Lower
img/Rainbow_Print_Workout_Leggings/img_00000009.jpg,40,116,146,281,Lower
img/Southwestern-Inspired_Knit_Leggings/img_00000010.jpg,107,111,198,278,Lower
img/High-Waisted_Rose_Print_Shorts/img_00000033.jpg,40,170,177,262,Lower
img/Leopard_Print_Joggers/img_00000045.jpg,186,1,252,185,Lower
img/Mom_Fit_Jeans/img_00000011.jpg,136,106,194,300,Lower
img/Slim_Cotton_Chinos/img_00000023.jpg,40,1,124,293,Lower
img/Texture-Striped_Drawstring_Shorts/img_00000029.jpg,48,1,120,102,Lower
img/Plaid_Flannel_Mini_Skirt/img_00000004.jpg,106,121,215,296,Lower
img/Texture-Paneled_Performance_Shorts/img_00000004.jpg,30,178,187,272,Lower
img/Embroidered_Mini_Skirt/img_00000059.jpg,20,1,172,128,Lower
img/Smocked_Bandana_Print_Skirt/img_00000012.jpg,75,1,196,238,Lower
img/Sequined_Drawstring_Shorts/img_00000011.jpg,3,23,300,232,Lower
img/Wildflower_Print_Leggings/img_00000032.jpg,88,76,191,300,Lower
img/High-Waisted_Flared_Jeans/img_00000067.jpg,9,82,86,231,Lower
img/Marled_Knit_Joggers/img_00000027.jpg,102,119,168,282,Lower
img/Layered_Running_Shorts/img_00000005.jpg,1,1,275,194,Lower
img/Classic_Oxford_Shorts/img_00000019.jpg,25,12,167,143,Lower
img/Gauze_Skater_Skirt/img_00000027.jpg,39,109,191,179,Lower
img/Cuffed_Denim_Cutoffs/img_00000012.jpg,1,1,300,148,Lower
img/Classic_Drawstring_Sweatpants/img_00000039.jpg,25,1,152,272,Lower
img/Crepe-Woven_Pleated_Skirt/img_00000003.jpg,18,123,176,236,Lower
img/Floral_Print_Culottes/img_00000053.jpg,45,24,163,237,Lower
img/Low-Rise_-_Classic_Skinny_Jeans/img_00000040.jpg,2,1,160,287,Lower
img/Cuffed_Origami-Front_Joggers/img_00000001.jpg,35,157,171,244,Lower
img/Pintucked_High-Waisted_Shorts/img_00000033.jpg,74,2,159,74,Lower
img/Sequined_Mini_Skirt/img_00000061.jpg,30,163,181,299,Lower
img/Pleated_Floral_Chiffon_Skirt/img_00000076.jpg,128,21,300,135,Lower
img/Polka_Dot_Woven_Shorts/img_00000026.jpg,40,170,167,264,Lower
img/Trouser_Shorts/img_00000001.jpg,23,4,155,100,Lower
img/Tribal_Print_Linen_Shorts/img_00000035.jpg,1,28,300,300,Lower
img/Space_Dye_Yoga_Leggings/img_00000019.jpg,54,30,156,248,Lower
img/Classic_Capri_Leggings/img_00000045.jpg,105,11,193,230,Lower
img/Distressed_Denim_Bermuda_Shorts/img_00000066.jpg,35,184,169,300,Lower
img/Zippered_Faux_Leather_Joggers/img_00000027.jpg,59,1,150,250,Lower
img/Textured_Baroque_Floral_Shorts/img_00000028.jpg,25,196,179,294,Lower
img/Piqu&eacute;_Knit_Sweatpants/img_00000010.jpg,14,1,153,268,Lower
img/Faux_Leather_Mini_Skirt/img_00000027.jpg,77,106,123,181,Lower
img/Striped_Bodycon_Skirt/img_00000012.jpg,67,115,144,202,Lower
img/Crochet-Paneled_Floral_Shorts/img_00000008.jpg,33,156,163,266,Lower
img/Cuffed_High-Waisted_Denim_Shorts/img_00000004.jpg,4,86,225,231,Lower
img/Pleated_Windowpane_Skirt/img_00000007.jpg,1,1,300,227,Lower
img/Quilted_Faux_Leather_Skirt/img_00000019.jpg,81,132,119,180,Lower
img/Knit_Bodycon_Skirt/img_00000062.jpg,1,1,231,300,Lower
img/High-Waisted_Tweed_Shorts/img_00000076.jpg,1,14,225,170,Lower
img/High-Waisted_Flared_Jeans/img_00000022.jpg,56,122,136,294,Lower
img/Belted_Polka_Dot_Skirt/img_00000023.jpg,91,100,163,210,Lower
img/Heathered_Knit_Sweatpants/img_00000012.jpg,50,1,151,234,Lower
img/Dark_Wash_-_Paneled_Skinny_Jeans/img_00000011.jpg,29,2,64,86,Lower
img/Heathered_Zip_Pocket_Sweatpants/img_00000020.jpg,42,1,196,274,Lower
img/Mesh-Pocket_Sweatshorts/img_00000055.jpg,35,3,166,180,Lower
img/Faded_&_Frayed_Denim_Cutoffs/img_00000029.jpg,10,194,142,275,Lower
img/Control_Sector_Striped_Cotton-Blend_Shorts/img_00000033.jpg,73,1,217,147,Lower
img/High-Waisted_Tweed_Shorts/img_00000023.jpg,72,125,139,179,Lower
img/Buttoned_Knee-Length_Skirt/img_00000047.jpg,85,96,147,238,Lower
img/Mineral_Wash_Skinny_Jeans/img_00000025.jpg,72,107,131,280,Lower
img/Abstract-Geo_Print_Mini_Skirt/img_00000034.jpg,42,128,156,214,Lower
img/Heathered_Performance_Shorts/img_00000026.jpg,25,1,285,299,Lower
img/Sanded_Dark_Wash_-_Skinny_Jeans/img_00000045.jpg,27,1,173,288,Lower
img/Watercolor_Floral_Print_Shorts/img_00000023.jpg,24,211,142,294,Lower
img/Geo_Stripe_Knit_Mini_Skirt/img_00000027.jpg,64,110,178,194,Lower
img/Mesh-Pocket_Sweatshorts/img_00000068.jpg,85,1,216,122,Lower
img/Asymmetric_Rope-Textured_Skirt/img_00000032.jpg,59,104,129,179,Lower
img/Box_Pleat_A-Line_Skirt/img_00000046.jpg,99,21,206,121,Lower
img/Striped_Midi_Skirt/img_00000061.jpg,8,1,132,242,Lower
img/High-Rise_Mom_Jeans/img_00000039.jpg,59,122,137,258,Lower
img/Low-Rise_-_Classic_Skinny_Jeans/img_00000008.jpg,46,1,128,200,Lower
img/Rose_Print_Dolphin_Shorts/img_00000003.jpg,1,32,205,200,Lower
img/Life_in_Progress_Pleated_Multi-Stripe_Skirt/img_00000031.jpg,69,101,143,170,Lower
img/Varsity_Stripe_Sweatpants/img_00000010.jpg,85,1,213,300,Lower
img/Twill_Dolphin_Shorts/img_00000027.jpg,11,1,192,112,Lower
img/Crochet_Denim_Cutoffs/img_00000021.jpg,15,53,286,166,Lower
img/Distressed_Denim_Bermuda_Shorts/img_00000009.jpg,101,11,220,106,Lower
img/Pleated_Chambray_Shorts/img_00000046.jpg,1,178,196,300,Lower
img/Space_Dye_Shorts/img_00000003.jpg,34,3,156,104,Lower
img/Classic_Skater_Skirt/img_00000041.jpg,1,1,267,159,Lower
img/Striped_Bodycon_Skirt/img_00000046.jpg,135,61,155,120,Lower
img/Layered_Running_Shorts/img_00000043.jpg,63,109,300,223,Lower
img/Colorblocked_Paris_Graphic_Sweatpants/img_00000012.jpg,128,117,229,280,Lower
img/Striped_Pleated_Skirt/img_00000007.jpg,75,151,112,272,Lower
img/Beaded_Chiffon_Mini_Skirt/img_00000015.jpg,17,129,184,294,Lower
img/Contrast_Drawstring_Denim_Shorts/img_00000024.jpg,37,178,169,248,Lower
img/Floral_Lace_Twirly_Skirt/img_00000017.jpg,68,1,123,300,Lower
img/Cotton_Drawstring_Shorts/img_00000047.jpg,1,15,300,280,Lower
img/Studio_Stirrup_Leggings/img_00000029.jpg,73,99,147,290,Lower
img/Abstract_Organza_A-Line_Skirt/img_00000020.jpg,59,117,173,179,Lower
img/Dotted_Tulle_Maxi_Skirt/img_00000029.jpg,1,81,160,300,Lower
img/Surf_&_Sun_Denim_Shorts/img_00000038.jpg,3,3,97,59,Lower
img/Distressed_Denim_Jeans/img_00000047.jpg,181,26,297,264,Lower
img/Floral_Print_Drawstring_Shorts/img_00000027.jpg,1,48,244,220,Lower
img/Oil_Slick_Workout_Leggings/img_00000018.jpg,1,79,300,300,Lower
img/Classic_Zippered_Joggers/img_00000019.jpg,48,106,119,251,Lower
img/Scuba_Knit_Pencil_Skirt/img_00000012.jpg,64,1,242,300,Lower
img/Striped_Fold-Over_Maxi_Skirt/img_00000017.jpg,101,56,174,190,Lower
img/Striped_Swim_Trunks/img_00000020.jpg,42,211,166,276,Lower
img/Stretch_Knit_Leggings/img_00000019.jpg,5,1,103,270,Lower
img/Boucl&eacute;_&_Faux_Leather_Shorts/img_00000025.jpg,85,165,206,243,Lower
img/Mesh_Paneled_Running_Shorts/img_00000004.jpg,40,178,174,255,Lower
img/Eyelash_Lace-Trimmed_Shorts/img_00000025.jpg,29,182,179,281,Lower
img/Scuba_Knit_Pencil_Skirt/img_00000015.jpg,66,87,112,179,Lower
img/High-Waisted_Denim_Shorts/img_00000010.jpg,1,1,300,296,Lower
img/M-Slit_Pleated_Maxi_Skirt/img_00000002.jpg,102,90,203,295,Lower
img/Acid_Wash_Ankle_Jeans/img_00000032.jpg,120,119,176,285,Lower
img/Varsity-Striped_Scuba_Knit_Skirt/img_00000020.jpg,55,94,162,181,Lower
img/Tropical_Print_Chino_Shorts/img_00000054.jpg,22,121,94,179,Lower
img/Clean_Wash_Slim-Leg_Jeans/img_00000004.jpg,62,1,184,296,Lower
img/Ditsy_Floral_Skater_Skirt/img_00000043.jpg,26,158,176,260,Lower
img/M-Slit_Knit_Maxi_Skirt/img_00000041.jpg,38,96,144,273,Lower
img/Tropical_Print_Chino_Shorts/img_00000014.jpg,63,125,136,193,Lower
img/Triple-Blocked_Capri_Leggings/img_00000030.jpg,27,1,181,236,Lower
img/Acid_Wash_Denim_Cutoffs/img_00000027.jpg,64,109,137,162,Lower
img/Classic_Drawstring_Sweatpants/img_00000040.jpg,56,1,164,265,Lower
img/High-Waisted_Plaid_Shorts/img_00000032.jpg,40,15,287,199,Lower
img/Cuffed_Chino_Shorts/img_00000019.jpg,32,4,174,126,Lower
img/Classic_Fold-Over_Maxi_Skirt/img_00000060.jpg,68,1,241,291,Lower
img/Belted_Chino_Shorts/img_00000044.jpg,69,140,147,194,Lower
img/Linen_Drawstring_Shorts/img_00000036.jpg,1,42,200,300,Lower
img/Classic_Mom_Jeans/img_00000036.jpg,68,114,130,279,Lower
img/Faux_Leather_Flared_Skirt/img_00000033.jpg,3,1,125,273,Lower
img/Giraffe_Print_Drawstring_Shorts/img_00000018.jpg,43,3,181,124,Lower
img/Crepe_Pencil_Skirt/img_00000075.jpg,77,30,178,159,Lower
img/Drawstring_Legging_Shorts/img_00000016.jpg,86,22,229,107,Lower
img/Textured_Floral_Pattern_Skirt/img_00000025.jpg,43,145,185,272,Lower
img/Faded_Mid-Rise_Skinny_Jeans/img_00000027.jpg,74,105,144,283,Lower
img/Textured_Flat-Front_Shorts/img_00000023.jpg,27,152,137,220,Lower
img/Knit_Mini_Skirt/img_00000051.jpg,1,1,300,215,Lower
img/Beaded_Tuxedo_Stripe_Skirt/img_00000004.jpg,41,147,163,258,Lower
img/Baroque_Print_Shorts/img_00000037.jpg,1,1,300,235,Lower
img/Life_in_Progress_Patched_Cutoffs/img_00000002.jpg,48,184,180,264,Lower
img/Shirred_Waist_Mini_Skirt/img_00000034.jpg,1,6,300,248,Lower
img/Side_Pocket_Yoga_Shorts/img_00000016.jpg,82,5,212,234,Lower
img/Classic_Denim_Shorts/img_00000019.jpg,25,1,283,279,Lower
img/Paneled_Camo_Joggers/img_00000025.jpg,90,1,211,279,Lower
img/Quilted_Drawstring_Sweatshorts/img_00000018.jpg,1,1,225,293,Lower
img/Striped_Pleated_Skirt/img_00000079.jpg,35,3,163,95,Lower
img/Heathered_Zip_Pocket_Sweatpants/img_00000042.jpg,1,1,173,300,Lower
img/Pleated_Skater_Skirt/img_00000064.jpg,84,102,197,196,Lower
img/Creased-Front_Leggings/img_00000043.jpg,93,97,131,258,Lower
img/Leopard_Print_Skater_Skirt/img_00000057.jpg,1,168,200,285,Lower
img/High_Waist_Striped_Shorts/img_00000010.jpg,1,36,210,213,Lower
img/Classic_Denim_Cutoffs/img_00000015.jpg,109,113,122,158,Lower
img/Nautical_Print_Shorts/img_00000066.jpg,1,1,236,236,Lower
img/Striped_Box-Pleated_Skirt/img_00000006.jpg,59,1,179,137,Lower
img/Zip_Paneled_Skirt/img_00000029.jpg,55,13,177,140,Lower
img/Cotton_&_Linen_Pleated_Shorts/img_00000018.jpg,10,76,252,214,Lower
img/Daisy_Dot_Denim_Shorts/img_00000030.jpg,1,1,136,136,Lower
img/Colorblocked_Yoga_Shorts/img_00000024.jpg,53,1,149,250,Lower
img/Oversized_Dot_Print_Sweatshorts/img_00000021.jpg,1,186,200,250,Lower
img/Striped_A-Line_Skirt/img_00000029.jpg,19,127,161,280,Lower
img/Reason_Zip_Pocket_Joggers/img_00000016.jpg,23,6,136,81,Lower
img/Scalloped_Crochet_Skirt/img_00000047.jpg,98,1,205,209,Lower
img/Daisy_Cutoff_Shorts/img_00000009.jpg,1,1,279,284,Lower
img/Slub_Knit_Sweatshorts/img_00000010.jpg,78,84,150,269,Lower
img/Ribbed_Stripe_Skirt/img_00000007.jpg,90,72,220,155,Lower
img/Pop_Art_Floral_Shorts/img_00000022.jpg,30,54,86,107,Lower
img/Beaded_Trim_Mini_Skirt/img_00000017.jpg,1,4,300,281,Lower
img/Buttoned_Woven_Joggers/img_00000002.jpg,83,109,133,287,Lower
img/Stretch_Fit_Classic_Skinny_Jeans/img_00000013.jpg,41,1,159,267,Lower
img/High-Waisted_Tweed_Shorts/img_00000066.jpg,1,59,200,230,Lower
img/Smocked_Tie-Dye_Skirt/img_00000011.jpg,1,1,300,265,Lower
img/Mesh_Drawstring_Shorts/img_00000004.jpg,1,37,256,247,Lower
img/Tonal_Topstitched_Shorts/img_00000009.jpg,55,143,180,213,Lower
img/Triangle-Patterned_Sequin_Shorts/img_00000019.jpg,29,139,144,200,Lower
img/Seamless_Studio_Capri_Leggings/img_00000021.jpg,73,79,123,206,Lower
img/Chiffon_Suspender_Midi_Skirt/img_00000011.jpg,53,96,149,228,Lower
img/Lace_A-Line_Skirt/img_00000007.jpg,36,1,208,157,Lower
img/Belted_Pleat-Front_Shorts/img_00000009.jpg,1,51,204,198,Lower
img/Striped_Waist_Leggings/img_00000010.jpg,67,1,86,288,Lower
img/Faux_Leather_Shorts/img_00000065.jpg,42,168,179,275,Lower
img/Front-Slit_Pencil_Skirt/img_00000068.jpg,76,99,148,197,Lower
img/Tropical_Floral_Leggings/img_00000042.jpg,26,1,126,261,Lower
img/Striped_Medallion_Tasseled_Shorts/img_00000023.jpg,121,179,227,277,Lower
img/Belted_Chambray_Shorts/img_00000014.jpg,14,1,202,148,Lower
img/Chiffon_Suspender_Midi_Skirt/img_00000016.jpg,81,105,163,239,Lower
img/Button_Fly_Denim_Shorts/img_00000047.jpg,95,80,299,214,Lower
img/Cuffed_Drawstring_Denim_Shorts/img_00000018.jpg,25,180,162,267,Lower
img/Favorite_Ankle-Length_Skinny_Jeans/img_00000062.jpg,46,1,153,269,Lower
img/Crepe_Drawstring_Joggers/img_00000024.jpg,82,1,231,294,Lower
img/Buttoned_Knee-Length_Skirt/img_00000049.jpg,34,165,197,278,Lower
img/Beaded_Baroque-Patterned_Skirt/img_00000026.jpg,62,100,132,212,Lower
img/Floral-Embroidered_Shorts/img_00000012.jpg,113,26,300,176,Lower
img/Mesh-Pocket_Sweatshorts/img_00000062.jpg,1,1,300,292,Lower
img/Drawstring_Camo_Shorts/img_00000022.jpg,1,38,300,240,Lower
img/Houndstooth_Plaid_Shorts/img_00000019.jpg,179,1,300,277,Lower
img/Colorblocked_Foldover_Leggings/img_00000020.jpg,56,1,166,230,Lower
img/Crochet-Hem_Shorts/img_00000006.jpg,84,178,137,214,Lower
img/Betty_Boop_PJ_Shorts/img_00000051.jpg,1,1,300,126,Lower
img/Fold-Over_Waist_Shorts/img_00000018.jpg,1,39,227,194,Lower