img/Fair_Isle_Crew_Neck_Sweater/img_00000037.jpg,27,43,133,203,Upper
img/Floral_Print_Tie-Front_Blouse/img_00000044.jpg,98,89,248,267,Upper
img/Angel-Sleeved_Top/img_00000029.jpg,36,38,142,212,Upper
img/Zip_Collar_Bomber/img_00000006.jpg,10,20,196,261,Upper
img/Chiffon_Baroque_Print_Tank/img_00000005.jpg,34,76,142,296,Upper
img/Burnout_Geo_Pattern_Top/img_00000024.jpg,38,68,176,185,Upper
img/Paris_Graphic_Tee/img_00000003.jpg,1,1,300,300,Upper
img/Floral_Crochet_Tank/img_00000044.jpg,53,101,156,208,Upper
img/Colorblocked_Raglan_Sweater/img_00000016.jpg,7,73,210,300,Upper
img/Classic_Collared_Button-Down/img_00000090.jpg,13,41,219,300,Upper
img/Collarless_V-Neck_Blouse/img_00000061.jpg,1,4,70,85,Upper
img/Beaded_Laser-Cut_Blouse/img_00000066.jpg,53,47,147,128,Upper
img/Southwestern_Pattern_Longline_Cardigan/img_00000055.jpg,179,46,270,243,Upper
img/Tribal_Print_Peasant_Blouse/img_00000019.jpg,50,103,204,254,Upper
img/Split-Neck_Chiffon_Blouse/img_00000072.jpg,27,73,166,295,Upper
img/Two-Tone_Chunky_Cardigan/img_00000054.jpg,78,85,169,281,Upper
img/Striped_Chiffon_Blouse/img_00000079.jpg,70,12,188,246,Upper
img/Amour_Peplum_Top/img_00000039.jpg,68,60,164,201,Upper
img/Boston_Celtics_Graphic_Tee/img_00000042.jpg,2,5,300,300,Upper
img/Zippered_Shawl_Collar_Blazer/img_00000046.jpg,31,69,291,275,Upper
img/Waffle-Textured_Moto_Jacket/img_00000007.jpg,73,115,259,297,Upper
img/Sheer_Pleated-Front_Blouse/img_00000128.jpg,57,85,231,243,Upper
img/Oversized_V-Neck_Tee/img_00000011.jpg,21,75,189,255,Upper
img/Neon_Pocket_Tee/img_00000040.jpg,8,1,241,300,Upper
img/Remixed_Regent_Crochet_Lace_Tank/img_00000012.jpg,63,67,177,192,Upper
img/Textured_Bow-Front_Blouse/img_00000090.jpg,48,52,130,108,Upper
img/Rugby_Stripe_Sweater/img_00000049.jpg,21,1,196,300,Upper
img/Fitted_Ribbed-Knit_Sweater/img_00000051.jpg,34,58,144,190,Upper
img/Boys_Aint_Loyal_Graphic_Tee/img_00000018.jpg,57,65,165,237,Upper
img/Distressed_Denim_Jacket/img_00000079.jpg,37,75,189,300,Upper
img/Butterfly_Print_Tie-Neck_Blouse/img_00000021.jpg,20,50,188,229,Upper
img/Speckled_Slub_Knit_Blouse/img_00000034.jpg,8,80,176,287,Upper
img/Retro_Graphic_Tee/img_00000051.jpg,49,22,167,167,Upper
img/Heart_Printed_Tie-Neck_Blouse/img_00000001.jpg,72,77,239,264,Upper
img/Trouble_Graphic_Sweater/img_00000054.jpg,40,27,239,244,Upper
img/Chambray_Popover_Blouse/img_00000065.jpg,1,12,300,300,Upper
img/Abstract_Southwestern_Print_Cardigan/img_00000022.jpg,89,50,217,223,Upper
img/Transformers_Muscle_Tee/img_00000019.jpg,35,49,163,257,Upper
img/Abstract_Satin-Front_Top/img_00000029.jpg,27,83,213,268,Upper
img/Crochet_Woven_Blouse/img_00000061.jpg,11,58,162,279,Upper
img/Unicorns_Graphic_Cutout_Tank/img_00000036.jpg,50,49,174,245,Upper
img/Pintuck_Pleated_Chiffon_Blouse/img_00000055.jpg,60,108,239,292,Upper
img/West_Coast_Graphic_Tank/img_00000010.jpg,125,1,213,217,Upper
img/London_Calling_Knit_Tee/img_00000016.jpg,48,86,269,300,Upper
img/Ruffled_Lace-Up_Blouse/img_00000071.jpg,9,57,129,157,Upper
img/Textured_Open-Knit_Sweater/img_00000001.jpg,53,74,168,300,Upper
img/Knit_Crew_Neck_Sweater/img_00000050.jpg,3,1,281,300,Upper
img/Tasmanian_Devil_Sweater/img_00000039.jpg,47,65,139,216,Upper
img/Draped_Cutout-Back_Tee/img_00000013.jpg,28,89,170,197,Upper
img/Yes_Please_Knot-Front_Tee/img_00000001.jpg,63,64,223,287,Upper
img/Collarless_Faux_Leather_Moto_Jacket/img_00000004.jpg,88,62,222,209,Upper
img/Geo_Striped_Knit_Cardigan/img_00000014.jpg,34,68,166,300,Upper
img/Wutever_Pocket_Tee/img_00000015.jpg,46,79,162,206,Upper
img/Hooded_Asymmetrical_Longline_Jacket/img_00000018.jpg,49,45,191,300,Upper
img/Cable_Knit_Mock-Neck_Sweater/img_00000047.jpg,13,67,215,289,Upper
img/Crochet_Lace_Tank/img_00000061.jpg,14,1,165,257,Upper
img/Marled_Knit_Zippered_Hoodie/img_00000010.jpg,72,41,151,155,Upper
img/Beaded_Chiffon_Top/img_00000008.jpg,44,78,165,256,Upper
img/Marled_Ombr&eacute;_Sweater/img_00000024.jpg,53,74,181,300,Upper
img/Buttoned_Collarless_Blouse/img_00000014.jpg,22,1,279,300,Upper
img/Slub_Knit_Cardigan/img_00000060.jpg,47,58,165,293,Upper
img/Side_Vent_Heathered_Tank/img_00000034.jpg,105,61,200,226,Upper
img/Striped_Ringer_Pocket_Tee/img_00000043.jpg,34,89,144,239,Upper
img/Boxy_Split-Neck_Blouse/img_00000089.jpg,32,92,274,277,Upper
img/Sheer_Woven_Blouse/img_00000131.jpg,58,82,183,257,Upper
img/Bob_Dylan_Graphic_Tee/img_00000049.jpg,65,79,139,153,Upper
img/Sequined_Knit_Dolman_Cardigan/img_00000003.jpg,38,1,232,267,Upper
img/Retro_Graphic_Tee/img_00000031.jpg,27,1,277,299,Upper
img/Floral-Embroidered_Blouse/img_00000012.jpg,53,60,167,209,Upper
img/Heathered_Raglan_Sweater/img_00000036.jpg,71,81,201,227,Upper
img/V-Neck_Tank/img_00000050.jpg,37,75,174,291,Upper
img/Abstract_Print_Dolman_Top/img_00000034.jpg,32,59,182,225,Upper
img/Tweed_Cutaway_Jacket/img_00000059.jpg,28,40,178,197,Upper
img/Reason_Baroque_Graphic_Tee/img_00000022.jpg,1,1,200,220,Upper
img/Faded_Cactus_Graphic_Tank/img_00000007.jpg,109,62,198,249,Upper
img/Upside-Down_Eiffel_Tower_Tee/img_00000035.jpg,26,65,172,236,Upper
img/Oversized_Striped_Cardigan/img_00000015.jpg,66,72,238,278,Upper
img/Boxy_Striped_Crop_Top/img_00000008.jpg,60,44,160,145,Upper
img/Heathered_Frida_Kahlo_Tee/img_00000038.jpg,8,97,147,257,Upper
img/Life_in_Progress_Chambray_Utility_Jacket/img_00000013.jpg,32,63,142,128,Upper
img/Windowpane_Floral_Crochet_Blouse/img_00000023.jpg,1,47,105,159,Upper
img/Windowpane-Patterned_Open-Front_Cardigan/img_00000017.jpg,45,73,260,251,Upper
img/Open-Front_Jersey_Cardigan/img_00000046.jpg,6,65,188,260,Upper
img/Crepe_Henley_Blouse/img_00000119.jpg,44,41,195,251,Upper
img/Favorite_Scoop_Neck_Tank/img_00000027.jpg,58,70,179,254,Upper
img/Faux_Snakeskin-Trimmed_Blazer/img_00000071.jpg,77,71,245,261,Upper
img/Paris_Graphic_Tee/img_00000009.jpg,1,1,300,300,Upper
img/Ditsy_Floral_Knit_Hoodie/img_00000015.jpg,19,76,187,206,Upper
img/Abstract_Print_Dolman_Top/img_00000035.jpg,177,86,271,209,Upper
img/Buttoned_Baseball_Tee/img_00000053.jpg,1,1,105,139,Upper
img/Hooded_Open-Knit_Cardigan/img_00000033.jpg,86,55,160,300,Upper
img/Open-Front_Crepe_Jacket/img_00000033.jpg,58,63,236,272,Upper
img/Zip-Front_Hoodie/img_00000015.jpg,1,70,211,268,Upper
img/Voila_Graphic_Muscle_Tee/img_00000023.jpg,88,39,182,160,Upper
img/Striped_Textured_Sweater/img_00000063.jpg,71,74,148,185,Upper
img/Classic_Denim_Blazer/img_00000033.jpg,1,17,200,279,Upper
img/Tonal_Check-Patterned_Blouse/img_00000069.jpg,65,91,160,253,Upper
img/Striped_Topstitched_Drop-Sleeve_Sweater/img_00000001.jpg,82,68,220,236,Upper
img/Ditsy_Floral_Print_Blouse/img_00000117.jpg,38,57,166,297,Upper
img/Keyhole_Abstract_Print_Blouse/img_00000066.jpg,1,30,225,271,Upper
img/Abstract_Plaid_Printed_Tee/img_00000037.jpg,38,59,182,206,Upper
img/Wild_At_Heart_Tee/img_00000051.jpg,1,1,300,300,Upper
img/Garfield_and_Odie_Marled_Muscle_Tee/img_00000022.jpg,58,60,143,154,Upper
img/Beaded_Tribal_Print_Blouse/img_00000075.jpg,70,5,222,287,Upper
img/Longline_V-Neck_Tee/img_00000030.jpg,76,98,232,296,Upper
img/Layered_Crepe_Blouse/img_00000072.jpg,67,70,180,252,Upper
img/Micro-Striped_Suit_Jacket/img_00000033.jpg,26,59,186,278,Upper
img/La_Joie_Graphic_Heathered_Tee/img_00000019.jpg,81,80,235,246,Upper
img/Chiffon_V-Neck_Blouse/img_00000030.jpg,4,20,143,300,Upper
img/Basic_Scoop_Neck_Tank/img_00000010.jpg,80,22,189,300,Upper
img/Tonal_Check-Patterned_Blouse/img_00000035.jpg,33,69,194,273,Upper
img/Boxy_Raglan_Sweater/img_00000022.jpg,77,76,234,233,Upper
img/One_Of_A_Kind_Muscle_Tee/img_00000015.jpg,1,8,250,298,Upper
img/Crocheted_Southwestern_Print_Tank/img_00000004.jpg,65,80,214,277,Upper
img/Basic_Athletic_Racerback_Tank/img_00000020.jpg,52,58,130,249,Upper
img/Bead-Embellished_Top/img_00000027.jpg,18,27,201,216,Upper
img/Bow-Back_Cutout_Top/img_00000032.jpg,1,38,300,199,Upper
img/Faded_Pocket_Tee/img_00000002.jpg,67,66,231,262,Upper
img/Classic_Distressed_Denim_Jacket/img_00000064.jpg,207,30,274,113,Upper
img/Ice_Cube_Tee/img_00000048.jpg,1,124,206,300,Upper
img/Drapey_Trench_Jacket/img_00000028.jpg,43,68,164,300,Upper
img/Bad_Influence_Tee/img_00000019.jpg,1,6,225,212,Upper
img/Boxy_Cuff-Sleeve_Top/img_00000028.jpg,22,62,147,230,Upper
img/Follow_Your_Heart_Tee/img_00000026.jpg,49,2,265,300,Upper
img/Boxy_Open-Knit_Top/img_00000001.jpg,39,70,177,231,Upper
img/Zippered_Longline_Sweater/img_00000040.jpg,47,59,168,225,Upper
img/Tasseled_Neckline_Floral_Blouse/img_00000040.jpg,21,67,178,260,Upper
img/Embroidered_Lace-Up_Poncho/img_00000012.jpg,37,59,176,252,Upper
img/Quilted_Puffer_Jacket/img_00000078.jpg,63,58,233,280,Upper
img/Baad_Sheep_Muscle_Tank/img_00000001.jpg,53,74,159,263,Upper
img/Longline_Sweater/img_00000011.jpg,56,38,151,222,Upper
img/Boxy_Woven_Striped_Top/img_00000020.jpg,36,60,178,231,Upper
img/Plaid_Fringe_Poncho/img_00000051.jpg,1,33,300,300,Upper
img/Longline_Map_Tee/img_00000039.jpg,21,53,189,300,Upper
img/Spoiled_Graphic_Tee/img_00000013.jpg,1,45,235,300,Upper
img/Tribal_Pattern_Tee/img_00000062.jpg,1,1,300,300,Upper
img/Classic_Knit_Top/img_00000059.jpg,41,73,191,258,Upper
img/Pretty_in_Grunge_Tee/img_00000043.jpg,73,80,168,218,Upper
img/Baad_Sheep_Muscle_Tank/img_00000030.jpg,25,73,145,277,Upper
img/Textured_Faux_Leather_Moto_Jacket/img_00000049.jpg,56,54,151,167,Upper
img/Colorblock_Tee/img_00000066.jpg,13,52,177,275,Upper
img/Southwestern_Print_Pocket_Tank/img_00000029.jpg,58,82,147,217,Upper
img/Two-Button_Chino_Suit_Jacket/img_00000051.jpg,53,53,156,161,Upper
img/Simba_Muscle_Tee/img_00000010.jpg,37,36,109,165,Upper
img/Cardio_Graphic_Sweater/img_00000032.jpg,36,42,139,268,Upper
img/Chambray_Popover_Blouse/img_00000083.jpg,21,51,187,300,Upper
img/Textured_Raglan_Sweater/img_00000028.jpg,27,59,151,193,Upper
img/Tile_Print_Blouse/img_00000018.jpg,61,6,161,128,Upper
img/Heathered_Shawl_Collar_Cardigan/img_00000035.jpg,35,62,193,293,Upper
img/Burnout_Cutout-Back_Tank/img_00000033.jpg,99,75,193,236,Upper
img/Hooded_Tassel_Cardigan/img_00000045.jpg,25,42,287,288,Upper
img/Striped_Knit_Cropped_Hoodie/img_00000004.jpg,58,74,144,236,Upper
img/Cable_Knit_Dolman_Cardigan/img_00000010.jpg,18,54,176,274,Upper
img/Ribbed_Knit_Cropped_Tank/img_00000008.jpg,46,79,202,247,Upper
img/Paint_Splatter_Tank/img_00000003.jpg,41,1,197,225,Upper
img/Tartan_Plaid_Blouse/img_00000089.jpg,6,32,194,275,Upper
img/No_Thank_You_Hoodie/img_00000051.jpg,29,81,197,279,Upper
img/V-Neck_Crop_Tee/img_00000070.jpg,34,77,183,201,Upper
img/Cowl_Neck_Tunic_Sweater/img_00000040.jpg,42,1,256,300,Upper
img/Essential_Waffle_Knit_Sweater/img_00000015.jpg,46,72,190,277,Upper
img/Follow_Your_Heart_Tee/img_00000044.jpg,19,1,285,300,Upper
img/Embroidered_Gauze_Blouse/img_00000033.jpg,57,18,251,259,Upper
img/Chic_95_Tee/img_00000009.jpg,20,58,180,296,Upper
img/Boxy_Split-Neck_Blouse/img_00000029.jpg,40,73,170,250,Upper
img/Layered_Bandana_Tee/img_00000006.jpg,102,33,300,259,Upper
img/Lace-Paneled_Tank/img_00000021.jpg,85,1,219,300,Upper
img/Distressed_Open-Knit_Ombr&eacute;_Sweater/img_00000009.jpg,24,93,176,280,Upper
img/Easy_Open-Knit_Sweater/img_00000017.jpg,30,57,179,240,Upper
img/Tailored_Woven_Blazer/img_00000111.jpg,44,56,224,283,Upper
img/Hooded_Varsity_Jacket/img_00000023.jpg,2,40,231,297,Upper
img/Snoopy_Graphic_Baseball_Tee/img_00000005.jpg,12,62,163,223,Upper
img/Mesh_Racerback_Tank/img_00000054.jpg,59,65,145,240,Upper
img/Essential_Waffle_Knit_Sweater/img_00000010.jpg,110,67,216,225,Upper
img/Palm_Springs_Cropped_Tank/img_00000014.jpg,135,58,199,153,Upper
img/Striped_V-Neck_Cotton_Tee/img_00000013.jpg,44,79,217,295,Upper
img/Heathered_V-Neck_Tee/img_00000017.jpg,56,76,206,273,Upper
img/Vertical_Stripe_Tee/img_00000020.jpg,142,46,288,185,Upper
img/Sheer_Abstract_Print_Blouse/img_00000028.jpg,9,73,202,244,Upper
img/Barbie_Silhouette_Tee/img_00000029.jpg,10,9,236,220,Upper
img/Slub_Knit_Pocket_Tee/img_00000037.jpg,48,79,193,276,Upper
img/Boucl&eacute;_Knit_Cardigan/img_00000064.jpg,1,69,200,298,Upper
img/Side-Zipper_Drawstring_Hoodie/img_00000024.jpg,51,32,152,192,Upper
img/Classic_Open-Front_Cardigan/img_00000035.jpg,40,83,205,263,Upper
img/Drawstring-Collar_Jacket/img_00000012.jpg,59,59,190,278,Upper
img/Faux_Shearling_Hooded_Parka/img_00000072.jpg,49,80,167,285,Upper
img/V-Neck_Tee/img_00000004.jpg,61,59,253,300,Upper
img/Two-Button_Blazer/img_00000108.jpg,1,32,221,275,Upper
img/Chunky_Marled_Knit_Cardigan/img_00000024.jpg,94,61,209,234,Upper
img/Draped_Longline_Cardigan/img_00000046.jpg,46,6,254,300,Upper
img/Boxy_Split-Neck_Blouse/img_00000093.jpg,66,90,241,283,Upper
img/Watercolor_Floral_Print_Blazer/img_00000070.jpg,6,53,134,220,Upper
img/Best_Friend_Muscle_Tee/img_00000041.jpg,131,1,291,190,Upper
img/Led_Zeppelin_Muscle_Tee/img_00000017.jpg,57,55,188,287,Upper
img/Oversized_Braided_Knit_Sweater/img_00000043.jpg,41,98,163,205,Upper
img/Boxy_Split-Neck_Blouse/img_00000032.jpg,47,44,197,213,Upper
img/Southwestern-Patterned_Pocket_Tee/img_00000032.jpg,1,15,180,180,Upper
img/Keith_Haring_Heart_Print_Tee/img_00000032.jpg,1,78,176,225,Upper
img/Lynyrd_Skynyrd_Tank/img_00000049.jpg,2,60,200,210,Upper
img/Dotted_Ruffle_Blouse/img_00000003.jpg,51,42,178,154,Upper
img/Marled_Knit_Racerback_Tank/img_00000005.jpg,50,56,102,152,Upper
img/City_of_NY_Tank/img_00000072.jpg,64,96,137,183,Upper
img/Textured_Open-Front_Cardigan/img_00000001.jpg,15,67,172,257,Upper
img/Wake_Up_Graphic_Tee/img_00000046.jpg,48,62,176,174,Upper
img/Southwestern-Patterned_Poncho/img_00000025.jpg,46,58,172,241,Upper
img/Tailored_Woven_Blazer/img_00000042.jpg,80,63,214,230,Upper
img/The_Beatles_Muscle_Tee/img_00000034.jpg,106,65,216,261,Upper
img/Textured_Longline_Tee/img_00000038.jpg,29,1,258,300,Upper
img/Classic_Striped_Sweater/img_00000056.jpg,62,75,142,185,Upper
img/Heathered_Split-Neck_Tee/img_00000011.jpg,22,20,185,243,Upper
img/Ruffled_Floral_Blouse/img_00000010.jpg,158,73,288,229,Upper
img/Cami_Crop_Top/img_00000032.jpg,1,89,225,244,Upper
img/Sheer_Woven_Blouse/img_00000070.jpg,76,57,222,234,Upper
img/Do_Tell_Tee/img_00000041.jpg,38,10,192,192,Upper
img/The_Beatles_Graphic_Tank/img_00000050.jpg,80,84,229,257,Upper
img/Sun_Graphic_Racerback_Tank/img_00000046.jpg,78,59,176,230,Upper
img/Double-Breasted_Drawstring_Parka/img_00000034.jpg,84,39,250,169,Upper
img/New_York_Tee/img_00000051.jpg,1,1,285,300,Upper
img/Oversized_Two-Tone_Blazer/img_00000065.jpg,30,82,211,273,Upper
img/Tulip-Back_Chiffon_Blazer/img_00000020.jpg,1,7,225,284,Upper
img/Athletic_Mesh-Paneled_Track_Jacket/img_00000040.jpg,13,81,263,278,Upper
img/Abstract_Print_Zipper_Blouse/img_00000053.jpg,50,34,150,152,Upper
img/Fuzzy_Marled_Knit_Sweater/img_00000001.jpg,15,83,164,294,Upper
img/Boxy_Tribal_Print_Top/img_00000032.jpg,28,80,158,221,Upper
img/Classic_Button-Down_Cardigan/img_00000062.jpg,37,89,200,300,Upper
img/Contrast-Trimmed_Tank/img_00000046.jpg,21,19,170,271,Upper
img/V-Neck_Sweater/img_00000028.jpg,1,57,148,237,Upper
img/NY_Drawstring_Hoodie/img_00000002.jpg,50,68,192,270,Upper
img/Lace_Back_Linen_Cardigan/img_00000047.jpg,5,78,198,229,Upper
img/Draped_Open-Front_Jacket/img_00000001.jpg,16,71,230,279,Upper
img/Pretty_in_Grunge_Tee/img_00000062.jpg,99,25,172,109,Upper
img/Simba_Muscle_Tee/img_00000042.jpg,121,42,181,129,Upper
img/Barbie_Tank_Top/img_00000059.jpg,78,18,234,288,Upper
img/Colorblocked_Raglan_Sweater/img_00000030.jpg,38,75,208,277,Upper
img/Southwestern_Print_Batwing_Cardigan/img_00000021.jpg,20,77,194,268,Upper
img/Be_True_Graphic_Tunic_Tank/img_00000005.jpg,39,78,178,265,Upper
img/Chiffon_Surplice_Top/img_00000066.jpg,66,75,233,262,Upper
img/Pleated_Peasant_Blouse/img_00000033.jpg,59,48,143,124,Upper
img/Abstract_Pattern_Knit_Sweater/img_00000033.jpg,1,8,188,270,Upper
img/Classic_Tunic_Sweater/img_00000006.jpg,82,60,232,279,Upper
img/Braided_Racerback_Athletic_Tank/img_00000013.jpg,95,38,144,125,Upper
img/V-Neck_Cardigan/img_00000052.jpg,47,83,185,245,Upper
img/Tulip_Sleeve_Satin_Blouse/img_00000035.jpg,86,65,229,237,Upper
img/Striped_Linen_Ringer_Tee/img_00000037.jpg,58,74,207,241,Upper
img/Contrast-Trimmed_Heathered_Tank/img_00000020.jpg,32,71,132,238,Upper
img/Caged_Side_Slit_Tee/img_00000026.jpg,26,73,175,219,Upper
img/Open-Knit_Cowl_Neck_Sweater/img_00000023.jpg,27,76,166,270,Upper
img/Cable_Knit_Dolman_Cardigan/img_00000038.jpg,85,49,170,205,Upper
img/Favorite_Relaxed_Fit_Tank/img_00000002.jpg,57,1,249,300,Upper
img/Taco_Graphic_Tee/img_00000047.jpg,1,1,88,113,Upper
img/Distressed_Longline_Striped_Tee/img_00000042.jpg,99,53,214,238,Upper
img/Embroidered_Self-Tie_Blouse/img_00000011.jpg,68,53,170,129,Upper
img/Open-Front_Hooded_Cardigan/img_00000006.jpg,25,56,169,300,Upper
img/Textured_Maxi_Cardigan/img_00000002.jpg,24,65,180,300,Upper
img/Three-Button_Flat_Collar_Blouse/img_00000041.jpg,27,39,129,153,Upper
img/Distressed_Trim_Tee/img_00000029.jpg,19,63,117,172,Upper
img/Cutout_Back_Striped_Sweater/img_00000010.jpg,14,88,195,224,Upper
img/Sky_Culture_Heathered_Kid_Cloud_Stars_Tee/img_00000007.jpg,1,1,300,271,Upper
img/Classic_Cuffed_Blazer/img_00000032.jpg,1,124,187,257,Upper
img/Pom-Pom_Crochet_Tank/img_00000043.jpg,39,114,182,271,Upper
img/Finish_Line_Athletic_Tank/img_00000023.jpg,47,69,165,260,Upper
img/Southwestern-Inspired_Cardigan/img_00000012.jpg,74,53,134,125,Upper
img/Beaded_Cutout_Top/img_00000008.jpg,1,92,199,300,Upper
img/Circle_Crochet-Paneled_Tee/img_00000010.jpg,1,109,205,300,Upper
img/Tasmanian_Devil_Sweater/img_00000044.jpg,105,61,167,150,Upper
img/Dropped-Collar_Blazer/img_00000052.jpg,50,41,134,215,Upper
img/Flat_Collar_Blazer/img_00000105.jpg,51,65,125,182,Upper
img/Rolling_Stones_Muscle_Tee/img_00000033.jpg,12,66,186,287,Upper
img/Fringed_Shawl_Cardigan/img_00000049.jpg,44,42,151,187,Upper
img/Dotted_Crochet-Trimmed_Collared_Blouse/img_00000072.jpg,34,55,185,299,Upper
img/Menagerie_Print_Tee/img_00000017.jpg,1,57,204,300,Upper
img/Layered_Bandana_Tee/img_00000020.jpg,1,1,280,280,Upper
img/Heathered_Paris_Tee/img_00000032.jpg,53,49,191,266,Upper
img/Heathered_Knit_Cardigan/img_00000010.jpg,20,53,111,136,Upper
img/Crochet_Woven_Blouse/img_00000103.jpg,16,88,186,284,Upper
img/Textured_High-Neck_Blouse/img_00000002.jpg,15,95,107,215,Upper
img/Favorite_Soft_Knit_Tee/img_00000010.jpg,23,78,184,257,Upper
img/Macram&eacute;-Back_LA_Tank/img_00000016.jpg,58,57,254,300,Upper
img/Lace_Sleeve_Tee/img_00000080.jpg,19,83,227,270,Upper
img/Quilted_Faux_Leather_Bomber/img_00000049.jpg,9,58,183,279,Upper
img/Waffle_Knit_Cardigan/img_00000046.jpg,26,68,184,284,Upper
img/Crocheted_Tonal-Patterned_Cardigan/img_00000018.jpg,14,55,178,210,Upper
img/Colorblocked_French_Terry_Hoodie/img_00000030.jpg,29,56,193,251,Upper
img/Chiffon-Layered_Top/img_00000022.jpg,17,126,166,297,Upper
img/Lynyrd_Skynyrd_Tank/img_00000037.jpg,34,1,278,300,Upper
img/Layered_Lace_Crew_Neck_Sweater/img_00000014.jpg,73,84,224,273,Upper
img/Boxy_Crochet-Paneled_Blouse/img_00000010.jpg,11,74,181,199,Upper
img/Tweed_Boyfriend_Blazer/img_00000079.jpg,25,52,132,160,Upper
img/Wild_MTV_Tee/img_00000011.jpg,149,1,292,120,Upper
img/Camouflage_Print_Shirt_Jacket/img_00000041.jpg,16,63,146,157,Upper
img/Striped_Sweater/img_00000017.jpg,1,13,300,300,Upper
img/Crepe_Popover_Blouse/img_00000040.jpg,82,76,254,269,Upper
img/Collarless_Draped-Front_Blazer/img_00000042.jpg,85,86,236,257,Upper
img/Floral_Print_Tank/img_00000042.jpg,50,10,187,294,Upper
img/Abstract_Dotted_Blouse/img_00000044.jpg,126,26,199,103,Upper
img/What_I_Said_Muscle_Tee/img_00000019.jpg,1,18,214,170,Upper
img/Pocket_Shirt_Jacket/img_00000018.jpg,190,45,288,179,Upper
img/Lace_Sleeve_Tee/img_00000020.jpg,1,73,168,235,Upper
img/Draped_Knit_Cardigan/img_00000031.jpg,1,74,164,300,Upper
img/Cozy_Abstract_Cardigan/img_00000005.jpg,34,63,225,295,Upper